OrderNumber,ProductCodes
10199,"S50_1341,S700_1691,S700_3167"
10233,"S24_3151,S700_1138,S700_2610"
10335,"S24_2840,S32_1268,S32_2509"
10213,"S18_4409,S18_4933,S24_2887"
10166,"S18_3140,S18_4522,S700_1938"
10392,"S18_2957,S18_3136,S18_3320"
10366,"S18_1984,S18_2870,S18_3232"
10338,"S18_1662,S18_3029,S18_3856"
10365,"S18_1129,S32_4485,S50_4713"
10240,"S18_1129,S18_1984,S18_3685"
10136,"S18_1129,S18_1984,S18_3232"
10236,"S10_2016,S18_2625,S24_2000"
10402,"S10_2016,S18_2625,S24_2000"
10100,NULL
10101,NULL
10102,NULL
10103,NULL
10104,NULL
10105,NULL
10106,NULL
10107,NULL
10108,NULL
10109,NULL
10110,NULL
10111,NULL
10112,NULL
10113,NULL
10114,NULL
10115,NULL
10116,NULL
10117,NULL
10118,NULL
10119,NULL
10120,NULL
10121,NULL
10122,NULL
10123,NULL
10124,NULL
10125,NULL
10126,NULL
10127,NULL
10128,NULL
10129,NULL
10130,NULL
10131,NULL
10133,NULL
10134,NULL
10135,NULL
10137,NULL
10139,NULL
10140,NULL
10141,NULL
10142,NULL
10143,NULL
10144,NULL
10145,NULL
10146,NULL
10147,NULL
10148,NULL
10149,NULL
10150,NULL
10151,NULL
10152,NULL
10153,NULL
10154,NULL
10155,NULL
10156,NULL
10158,NULL
10159,NULL
10160,NULL
10161,NULL
10162,NULL
10163,NULL
10164,NULL
10165,NULL
10167,NULL
10168,NULL
10169,NULL
10170,NULL
10171,NULL
10172,NULL
10173,NULL
10174,NULL
10175,NULL
10176,NULL
10177,NULL
10178,NULL
10180,NULL
10181,NULL
10182,NULL
10183,NULL
10184,NULL
10185,NULL
10186,NULL
10188,NULL
10189,NULL
10190,NULL
10191,NULL
10192,NULL
10193,NULL
10194,NULL
10195,NULL
10196,NULL
10197,NULL
10198,NULL
10201,NULL
10203,NULL
10204,NULL
10205,NULL
10206,NULL
10207,NULL
10208,NULL
10209,NULL
10210,NULL
10211,NULL
10212,NULL
10214,NULL
10215,NULL
10216,NULL
10217,NULL
10219,NULL
10220,NULL
10221,NULL
10222,NULL
10223,NULL
10224,NULL
10225,NULL
10226,NULL
10227,NULL
10228,NULL
10229,NULL
10230,NULL
10231,NULL
10232,NULL
10235,NULL
10237,NULL
10238,NULL
10239,NULL
10241,NULL
10242,NULL
10243,NULL
10244,NULL
10245,NULL
10246,NULL
10247,NULL
10248,NULL
10249,NULL
10250,NULL
10251,NULL
10252,NULL
10253,NULL
10255,NULL
10256,NULL
10257,NULL
10258,NULL
10259,NULL
10261,NULL
10262,NULL
10263,NULL
10264,NULL
10265,NULL
10266,NULL
10267,NULL
10269,NULL
10270,NULL
10271,NULL
10272,NULL
10273,NULL
10274,NULL
10275,NULL
10276,NULL
10277,NULL
10278,NULL
10279,NULL
10280,NULL
10281,NULL
10282,NULL
10283,NULL
10284,NULL
10285,NULL
10286,NULL
10287,NULL
10288,NULL
10289,NULL
10290,NULL
10291,NULL
10292,NULL
10293,NULL
10294,NULL
10295,NULL
10296,NULL
10297,NULL
10298,NULL
10299,NULL
10300,NULL
10301,NULL
10302,NULL
10303,NULL
10304,NULL
10305,NULL
10306,NULL
10307,NULL
10308,NULL
10309,NULL
10310,NULL
10311,NULL
10312,NULL
10313,NULL
10314,NULL
10315,NULL
10316,NULL
10317,NULL
10318,NULL
10319,NULL
10320,NULL
10321,NULL
10322,NULL
10323,NULL
10324,NULL
10325,NULL
10326,NULL
10327,NULL
10328,NULL
10329,NULL
10330,NULL
10331,NULL
10332,NULL
10333,NULL
10334,NULL
10336,NULL
10337,NULL
10339,NULL
10340,NULL
10341,NULL
10342,NULL
10343,NULL
10344,NULL
10345,NULL
10346,NULL
10347,NULL
10348,NULL
10349,NULL
10350,NULL
10351,NULL
10352,NULL
10353,NULL
10355,NULL
10356,NULL
10357,NULL
10358,NULL
10359,NULL
10361,NULL
10362,NULL
10363,NULL
10364,NULL
10367,NULL
10368,NULL
10369,NULL
10370,NULL
10371,NULL
10372,NULL
10373,NULL
10374,NULL
10375,NULL
10376,NULL
10377,NULL
10378,NULL
10379,NULL
10380,NULL
10381,NULL
10382,NULL
10383,NULL
10384,NULL
10385,NULL
10386,NULL
10387,NULL
10388,NULL
10389,NULL
10390,NULL
10391,NULL
10394,NULL
10395,NULL
10396,NULL
10397,NULL
10398,NULL
10400,NULL
10401,NULL
10403,NULL
10405,NULL
10406,NULL
10407,NULL
10408,NULL
10409,NULL
10411,NULL
10412,NULL
10413,NULL
10414,NULL
10415,NULL
10416,NULL
10417,NULL
10419,NULL
10420,NULL
10421,NULL
10422,NULL
10423,NULL
10424,NULL
10425,NULL
